{"products":[{"id":"0.9442529390167245","qty":5}],"totalPrice":29.950000000000003}